detail,error_severity,event_message,hint,id,identifier,timestamp
null,LOG,connection authorized: user=supabase_admin database=postgres application_name=postgres_exporter,null,516a06dd-b846-410f-827c-b93701335776,ygkbhfdqvrluegsrjpaj,1746551824812000
null,LOG,connection received: host=::1 port=17845,null,0328421d-f486-4755-bda8-8af02a427b91,ygkbhfdqvrluegsrjpaj,1746551824811000
null,LOG,"connection authorized: user=supabase_admin database=postgres application_name=realtime_subscription_manager SSL enabled (protocol=TLSv1.3, cipher=TLS_AES_256_GCM_SHA384, bits=256)",null,dbfe0b60-10f3-4fbf-b5c3-f6137fef8f7e,ygkbhfdqvrluegsrjpaj,1746551822194000
null,LOG,"connection authenticated: identity=""supabase_admin"" method=scram-sha-256 (/etc/postgresql/pg_hba.conf:94)",null,28e4c62e-8185-480e-91a4-befea385e90a,ygkbhfdqvrluegsrjpaj,1746551822194000
null,LOG,"connection authorized: user=supabase_admin database=postgres application_name=realtime_subscription_checker SSL enabled (protocol=TLSv1.3, cipher=TLS_AES_256_GCM_SHA384, bits=256)",null,c6150d4c-41ee-4d0a-9e50-0e85965632d7,ygkbhfdqvrluegsrjpaj,1746551822192000
null,LOG,"connection authenticated: identity=""supabase_admin"" method=scram-sha-256 (/etc/postgresql/pg_hba.conf:94)",null,7f58acb6-4a98-4f83-af08-0a08c5df7b54,ygkbhfdqvrluegsrjpaj,1746551822192000
null,LOG,"connection authorized: user=supabase_admin database=postgres application_name=realtime_subscription_manager_pub SSL enabled (protocol=TLSv1.3, cipher=TLS_AES_256_GCM_SHA384, bits=256)",null,e4de82b0-445c-49ce-8af4-5261f2c28e99,ygkbhfdqvrluegsrjpaj,1746551822190000
null,LOG,"connection authenticated: identity=""supabase_admin"" method=scram-sha-256 (/etc/postgresql/pg_hba.conf:94)",null,b43f8116-0873-4aeb-bced-e1390fd5dd58,ygkbhfdqvrluegsrjpaj,1746551822190000
null,LOG,"connection authenticated: identity=""supabase_admin"" method=scram-sha-256 (/etc/postgresql/pg_hba.conf:94)",null,1ab2c6ce-fdd8-4efc-98a3-4826049226dc,ygkbhfdqvrluegsrjpaj,1746551822189000
null,LOG,"connection authorized: user=supabase_admin database=postgres application_name=realtime_subscription_manager_pub SSL enabled (protocol=TLSv1.3, cipher=TLS_AES_256_GCM_SHA384, bits=256)",null,004d7094-4b4a-4d69-9c82-a09b43ef6fbc,ygkbhfdqvrluegsrjpaj,1746551822189000
null,LOG,"connection authorized: user=supabase_admin database=postgres application_name=realtime_subscription_checker SSL enabled (protocol=TLSv1.3, cipher=TLS_AES_256_GCM_SHA384, bits=256)",null,0eff086a-c899-4e9e-86fa-dbfaab9f6aea,ygkbhfdqvrluegsrjpaj,1746551822187000
null,LOG,"connection authorized: user=supabase_admin database=postgres application_name=realtime_subscription_manager SSL enabled (protocol=TLSv1.3, cipher=TLS_AES_256_GCM_SHA384, bits=256)",null,d250205e-1a0f-425a-a552-c6713b8ed3d3,ygkbhfdqvrluegsrjpaj,1746551822187000
null,LOG,"connection authenticated: identity=""supabase_admin"" method=scram-sha-256 (/etc/postgresql/pg_hba.conf:94)",null,e882c2fd-ff59-4466-a1e2-1c0e341a6fdd,ygkbhfdqvrluegsrjpaj,1746551822187000
null,LOG,"connection authenticated: identity=""supabase_admin"" method=scram-sha-256 (/etc/postgresql/pg_hba.conf:94)",null,a5793a9f-0286-4541-8362-b6952ad93203,ygkbhfdqvrluegsrjpaj,1746551822187000
null,LOG,"connection authorized: user=supabase_admin database=postgres application_name=realtime_rls SSL enabled (protocol=TLSv1.3, cipher=TLS_AES_256_GCM_SHA384, bits=256)",null,246660e0-d63a-4825-8ee0-4979541d8dc6,ygkbhfdqvrluegsrjpaj,1746551822176000
null,LOG,"connection authenticated: identity=""supabase_admin"" method=scram-sha-256 (/etc/postgresql/pg_hba.conf:94)",null,47fa9e1c-5ed7-42c9-bcf7-fff5bcdbdc7a,ygkbhfdqvrluegsrjpaj,1746551822176000
null,LOG,connection received: host=2600:1f10:4c1b:cc00:6d60:b89e:8514:8190 port=37684,null,574a5f47-9a98-4e6b-9a00-385699a53bdd,ygkbhfdqvrluegsrjpaj,1746551822051000
null,LOG,connection received: host=2600:1f10:4c1b:cc00:6d60:b89e:8514:8190 port=37702,null,2acde624-83e6-4df3-87ad-c9dd2755aca4,ygkbhfdqvrluegsrjpaj,1746551822051000
null,LOG,connection received: host=2600:1f10:4c1b:cc00:6d60:b89e:8514:8190 port=37720,null,1daae5c1-a84f-4e3b-a809-9f5bd9adec16,ygkbhfdqvrluegsrjpaj,1746551822051000
null,LOG,connection received: host=2600:1f10:4c1b:cc00:6d60:b89e:8514:8190 port=37700,null,75bc1070-59ce-43ba-93bd-2ab5a197e7e6,ygkbhfdqvrluegsrjpaj,1746551822051000
null,LOG,connection received: host=2600:1f10:4c1b:cc00:6d60:b89e:8514:8190 port=37644,null,46eaecda-e3a9-42a7-a4bf-c287759132a7,ygkbhfdqvrluegsrjpaj,1746551822050000
null,LOG,connection received: host=2600:1f10:4c1b:cc00:6d60:b89e:8514:8190 port=37672,null,f2bc9d0f-3cec-4ff5-b50a-41b0071a51f5,ygkbhfdqvrluegsrjpaj,1746551822049000
null,LOG,connection received: host=2600:1f10:4c1b:cc00:6d60:b89e:8514:8190 port=37646,null,8ed4605c-62c4-46f5-8327-ca3bc72b520e,ygkbhfdqvrluegsrjpaj,1746551822049000
null,LOG,connection received: host=2600:1f10:4c1b:cc00:6d60:b89e:8514:8190 port=34392,null,0b903113-4380-4d25-a9d9-0659b31330c3,ygkbhfdqvrluegsrjpaj,1746551821003000
null,LOG,connection received: host=2600:1f10:4c1b:cc00:6d60:b89e:8514:8190 port=34378,null,1ff4f1a8-8898-4707-b3c1-0cf74373f12c,ygkbhfdqvrluegsrjpaj,1746551820965000
null,LOG,connection received: host=2600:1f10:4c1b:cc00:6d60:b89e:8514:8190 port=34364,null,f3f0af4e-f0ff-422f-ae74-2d1d85b4de8f,ygkbhfdqvrluegsrjpaj,1746551820925000
null,LOG,connection received: host=2600:1f10:4c1b:cc00:6d60:b89e:8514:8190 port=34360,null,91f7c3ec-7995-4cc0-8079-d3af1c8f3721,ygkbhfdqvrluegsrjpaj,1746551820888000
null,LOG,connection received: host=2600:1f10:4c1b:cc00:6d60:b89e:8514:8190 port=34348,null,502958b6-80e3-4044-aa56-bf185e383b74,ygkbhfdqvrluegsrjpaj,1746551820851000
null,LOG,connection received: host=2600:1f10:4c1b:cc00:6d60:b89e:8514:8190 port=34346,null,5debe93b-3624-4d0b-b7c4-e79226d93432,ygkbhfdqvrluegsrjpaj,1746551820813000
null,LOG,connection received: host=2600:1f10:4c1b:cc00:6d60:b89e:8514:8190 port=34330,null,eeb63c87-701d-4118-8bfe-982f72f59578,ygkbhfdqvrluegsrjpaj,1746551820774000
null,LOG,"connection authorized: user=supabase_admin database=postgres application_name=postgres-meta 0.0.0-automated SSL enabled (protocol=TLSv1.3, cipher=TLS_AES_256_GCM_SHA384, bits=256)",null,46c26f12-a625-40c6-86ce-52bdcf33fc87,ygkbhfdqvrluegsrjpaj,1746551818003000
null,LOG,"connection authenticated: identity=""supabase_admin"" method=scram-sha-256 (/etc/postgresql/pg_hba.conf:94)",null,61bde930-788c-47e6-a413-c45711390068,ygkbhfdqvrluegsrjpaj,1746551818003000
null,LOG,"connection authenticated: identity=""supabase_admin"" method=scram-sha-256 (/etc/postgresql/pg_hba.conf:94)",null,7c46850c-cb26-4295-b00b-102ab41a35eb,ygkbhfdqvrluegsrjpaj,1746551815989000
null,LOG,"connection authorized: user=supabase_admin database=postgres application_name=postgres-meta 0.0.0-automated SSL enabled (protocol=TLSv1.3, cipher=TLS_AES_256_GCM_SHA384, bits=256)",null,52818c80-1217-4c04-9174-05b5194f616a,ygkbhfdqvrluegsrjpaj,1746551815989000
null,LOG,"connection authenticated: identity=""supabase_admin"" method=scram-sha-256 (/etc/postgresql/pg_hba.conf:94)",null,52247b2a-f58c-492d-8475-8d3f5e201034,ygkbhfdqvrluegsrjpaj,1746551815986000
null,LOG,"connection authorized: user=supabase_admin database=postgres application_name=postgres-meta 0.0.0-automated SSL enabled (protocol=TLSv1.3, cipher=TLS_AES_256_GCM_SHA384, bits=256)",null,63acacee-6c34-48a3-8b19-857824290fa0,ygkbhfdqvrluegsrjpaj,1746551815986000
null,LOG,connection received: host=2600:1f18:2a66:6e01:33e0:6280:4fe8:fcab port=58584,null,3bf5caa0-7d96-42bd-99f4-a35df8e9e49c,ygkbhfdqvrluegsrjpaj,1746551815911000
null,LOG,connection received: host=2600:1f18:2a66:6e00:dbd7:8060:2186:d8a8 port=44436,null,2f2ce2b2-4941-4a6a-906e-078abdf1ebe8,ygkbhfdqvrluegsrjpaj,1746551815910000
null,LOG,"checkpoint complete: wrote 55 buffers (0.2%); 0 WAL file(s) added, 0 removed, 0 recycled; write=5.420 s, sync=0.002 s, total=5.442 s; sync files=38, longest=0.001 s, average=0.001 s; distance=190 kB, estimate=6390 kB",null,7a432d0f-6934-4207-82e0-3552381ee088,ygkbhfdqvrluegsrjpaj,1746551780893000
null,LOG,checkpoint starting: time,null,8a6b7921-27a9-4f61-a229-db4348680cd3,ygkbhfdqvrluegsrjpaj,1746551775452000
null,LOG,"connection authorized: user=postgres database=postgres application_name=postgres-meta 0.0.0-automated SSL enabled (protocol=TLSv1.3, cipher=TLS_AES_256_GCM_SHA384, bits=256)",null,faae0473-ae21-4b07-a3e8-3f0b4c6b967e,ygkbhfdqvrluegsrjpaj,1746551769340000
null,LOG,"connection authenticated: identity=""postgres"" method=scram-sha-256 (/etc/postgresql/pg_hba.conf:94)",null,887b8702-4144-424d-b1da-c637aa1cf838,ygkbhfdqvrluegsrjpaj,1746551769340000
null,LOG,"connection authorized: user=postgres database=postgres application_name=postgres-meta 0.0.0-automated SSL enabled (protocol=TLSv1.3, cipher=TLS_AES_256_GCM_SHA384, bits=256)",null,5f87f183-3607-4e4c-b790-12f2e7314034,ygkbhfdqvrluegsrjpaj,1746551769338000
null,LOG,"connection authenticated: identity=""postgres"" method=scram-sha-256 (/etc/postgresql/pg_hba.conf:94)",null,8ebe7a53-fd53-43d7-baa4-b510419c5d8b,ygkbhfdqvrluegsrjpaj,1746551769338000
null,LOG,"connection authenticated: identity=""postgres"" method=scram-sha-256 (/etc/postgresql/pg_hba.conf:94)",null,5f79bf50-2857-4918-969f-e2b843b6b673,ygkbhfdqvrluegsrjpaj,1746551769328000
null,LOG,"connection authorized: user=postgres database=postgres application_name=postgres-meta 0.0.0-automated SSL enabled (protocol=TLSv1.3, cipher=TLS_AES_256_GCM_SHA384, bits=256)",null,03346f39-53fd-49ed-9ceb-6f91840d7f5d,ygkbhfdqvrluegsrjpaj,1746551769328000
null,LOG,"connection authenticated: identity=""postgres"" method=scram-sha-256 (/etc/postgresql/pg_hba.conf:94)",null,70c9ebe0-6b03-481e-a3ce-eeb41f530187,ygkbhfdqvrluegsrjpaj,1746551769122000
null,LOG,"connection authorized: user=postgres database=postgres application_name=postgres-meta 0.0.0-automated SSL enabled (protocol=TLSv1.3, cipher=TLS_AES_256_GCM_SHA384, bits=256)",null,0963bebf-cd41-4153-8431-610f1d3c3be5,ygkbhfdqvrluegsrjpaj,1746551769122000
null,LOG,"statement: DROP TYPE IF EXISTS pg_temp.tabledefs CASCADE;CREATE TYPE pg_temp.tabledefs AS ENUM('PKEY_INTERNAL','PKEY_EXTERNAL','FKEYS_INTERNAL','FKEYS_EXTERNAL','COMMENTS','FKEYS_NONE','INCLUDE_TRIGGERS','NO_TRIGGERS');CREATE OR REPLACE FUNCTION pg_temp.pg_get_coldef(in_schema text,in_table text,in_column text,oldway boolean default False)RETURNS text LANGUAGE plpgsql VOLATILE AS $$ DECLARE v_coldef text;v_dt1 text;v_dt2 text;v_dt3 text;v_nullable boolean;v_position int;v_identity text;v_generated text;v_hasdflt boolean;v_dfltexpr text;BEGIN IF oldway THEN SELECT pg_catalog.format_type(a.atttypid,a.atttypmod)INTO v_coldef FROM pg_namespace n,pg_class c,pg_attribute a,pg_type t WHERE n.nspname=in_schema AND n.oid=c.relnamespace AND c.relname=in_table AND a.attname=in_column and a.attnum>0 AND a.attrelid=c.oid AND a.atttypid=t.oid ORDER BY a.attnum;ELSE SELECT CASE WHEN a.atttypid=ANY('{int,int8,int2}'::regtype[])AND EXISTS(SELECT FROM pg_attrdef ad WHERE ad.adrelid=a.attrelid AND ad.adnum=a.attnum AND pg_get_expr(ad.adbin,ad.adrelid)='nextval('''||(pg_get_serial_sequence(a.attrelid::regclass::text,a.attname))::regclass||'''::regclass)')THEN CASE a.atttypid WHEN'int'::regtype THEN'serial'WHEN'int8'::regtype THEN'bigserial'WHEN'int2'::regtype THEN'smallserial'END ELSE format_type(a.atttypid,a.atttypmod)END AS data_type INTO v_coldef FROM pg_namespace n,pg_class c,pg_attribute a,pg_type t WHERE n.nspname=in_schema AND n.oid=c.relnamespace AND c.relname=in_table AND a.attname=in_column and a.attnum>0 AND a.attrelid=c.oid AND a.atttypid=t.oid ORDER BY a.attnum;END IF;RETURN v_coldef;END;$$;DROP FUNCTION IF EXISTS pg_temp.pg_get_tabledef(character varying,character varying,boolean,tabledefs[]);CREATE OR REPLACE FUNCTION pg_temp.pg_get_tabledef(in_schema varchar,in_table varchar,_verbose boolean,VARIADIC arr pg_temp.tabledefs[]DEFAULT'{}'::pg_temp.tabledefs[])RETURNS text LANGUAGE plpgsql VOLATILE AS $$ DECLARE v_qualified text:='';v_table_ddl text;v_table_oid int;v_colrec record;v_constraintrec record;v_trigrec record;v_indexrec record;v_rec record;v_constraint_name text;v_constraint_def text;v_pkey_def text:='';v_fkey_def text:='';v_fkey_defs text:='';v_trigger text:='';v_partition_key text:='';v_partbound text;v_parent text;v_parent_schema text;v_persist text;v_temp text:='';v_temp2 text;v_relopts text;v_tablespace text;v_pgversion int;bSerial boolean;bPartition boolean;bInheritance boolean;bRelispartition boolean;constraintarr text[]:='{}';constraintelement text;bSkip boolean;bVerbose boolean:=False;v_cnt1 integer;v_cnt2 integer;search_path_old text:='';search_path_new text:='';v_partial boolean;v_pos integer;pkcnt int:=0;fkcnt int:=0;trigcnt int:=0;cmtcnt int:=0;pktype pg_temp.tabledefs:='PKEY_INTERNAL';fktype pg_temp.tabledefs:='FKEYS_INTERNAL';trigtype pg_temp.tabledefs:='NO_TRIGGERS';arglen integer;vargs text;avarg pg_temp.tabledefs;v_ret text;v_diag1 text;v_diag2 text;v_diag3 text;v_diag4 text;v_diag5 text;v_diag6 text;BEGIN SET client_min_messages='notice';IF _verbose THEN bVerbose=True;END IF;arglen:=array_length($4,1);IF arglen IS NULL THEN NULL;ELSE IF bVerbose THEN RAISE NOTICE'arguments=%',$4;END IF;FOREACH avarg IN ARRAY $4 LOOP IF bVerbose THEN RAISE NOTICE'arg=%',avarg;END IF;IF avarg='FKEYS_INTERNAL'OR avarg='FKEYS_EXTERNAL'OR avarg='FKEYS_NONE'THEN fkcnt=fkcnt+1;fktype=avarg;ELSEIF avarg='INCLUDE_TRIGGERS'OR avarg='NO_TRIGGERS'THEN trigcnt=trigcnt+1;trigtype=avarg;ELSEIF avarg='PKEY_EXTERNAL'THEN pkcnt=pkcnt+1;pktype=avarg;ELSEIF avarg='COMMENTS'THEN cmtcnt=cmtcnt+1;END IF;END LOOP;IF fkcnt>1 THEN RAISE WARNING'Only one foreign key option can be provided. You provided %',fkcnt;RETURN'';ELSEIF trigcnt>1 THEN RAISE WARNING'Only one trigger option can be provided. You provided %',trigcnt;RETURN'';ELSEIF pkcnt>1 THEN RAISE WARNING'Only one pkey option can be provided. You provided %',pkcnt;RETURN'';ELSEIF cmtcnt>1 THEN RAISE WARNING'Only one comments option can be provided. You provided %',cmtcnt;RETURN'';END IF;END IF;SELECT c.oid,(select setting from pg_settings where name='server_version_num')INTO v_table_oid,v_pgversion FROM pg_catalog.pg_class c LEFT JOIN pg_catalog.pg_namespace n ON n.oid=c.relnamespace WHERE c.relkind in('r','p')AND c.relname=in_table AND n.nspname=in_schema;SELECT setting INTO search_path_old FROM pg_settings WHERE name='search_path';EXECUTE'SET search_path = ""public""';SELECT setting INTO search_path_new FROM pg_settings WHERE name='search_path';IF(v_table_oid IS NULL)THEN RAISE EXCEPTION'table does not exist';END IF;SELECT tablespace INTO v_temp FROM pg_tables WHERE schemaname=in_schema and tablename=in_table and tablespace IS NOT NULL;IF v_temp IS NULL THEN v_tablespace:='TABLESPACE pg_default';ELSE v_tablespace:='TABLESPACE '||v_temp;END IF;WITH relopts AS(SELECT unnest(c.reloptions)relopts FROM pg_class c,pg_namespace n WHERE n.nspname=in_schema and n.oid=c.relnamespace and c.relname=in_table)SELECT string_agg(r.relopts,', ')as relopts INTO v_temp from relopts r;IF v_temp IS NULL THEN v_relopts:='';ELSE v_relopts:=' WITH ('||v_temp||')';END IF;v_partbound:='';bPartition:=False;bInheritance:=False;IF v_pgversion<100000 THEN SELECT c2.relname parent,c2.relnamespace::regnamespace INTO v_parent,v_parent_schema from pg_class c1,pg_namespace n,pg_inherits i,pg_class c2 WHERE n.nspname=in_schema and n.oid=c1.relnamespace and c1.relname=in_table and c1.oid=i.inhrelid and i.inhparent=c2.oid and c1.relkind='r';IF(v_parent IS NOT NULL)THEN bPartition:=True;bInheritance:=True;END IF;ELSE SELECT c2.relname parent,c1.relispartition,pg_get_expr(c1.relpartbound,c1.oid,true),c2.relnamespace::regnamespace INTO v_parent,bRelispartition,v_partbound,v_parent_schema from pg_class c1,pg_namespace n,pg_inherits i,pg_class c2 WHERE n.nspname=in_schema and n.oid=c1.relnamespace and c1.relname=in_table and c1.oid=i.inhrelid and i.inhparent=c2.oid and c1.relkind='r';IF(v_parent IS NOT NULL)THEN bPartition:=True;IF bRelispartition THEN bInheritance:=False;ELSE bInheritance:=True;END IF;END IF;END IF;IF bPartition THEN SELECT count(*)INTO v_cnt1 FROM information_schema.tables t WHERE EXISTS(SELECT REGEXP_MATCHES(s.table_name,'([A-Z]+)','g')FROM information_schema.tables s WHERE t.table_schema=s.table_schema AND t.table_name=s.table_name AND t.table_schema=in_schema AND t.table_name=in_table AND t.table_type='BASE TABLE');SELECT COUNT(*)INTO v_cnt2 FROM pg_get_keywords()WHERE word=in_table AND catcode='R';IF bInheritance THEN IF v_cnt1>0 OR v_cnt2>0 THEN v_table_ddl:='CREATE TABLE '||in_schema||'.""'||in_table||'""( '||E'\n';ELSE v_table_ddl:='CREATE TABLE '||in_schema||'.'||in_table||'( '||E'\n';END IF;ELSE IF v_relopts<>''THEN IF v_cnt1>0 OR v_cnt2>0 THEN v_table_ddl:='CREATE TABLE '||in_schema||'.""'||in_table||'"" PARTITION OF '||in_schema||'.'||v_parent||' '||v_partbound||v_relopts||' '||v_tablespace||'; '||E'\n';ELSE v_table_ddl:='CREATE TABLE '||in_schema||'.'||in_table||' PARTITION OF '||in_schema||'.'||v_parent||' '||v_partbound||v_relopts||' '||v_tablespace||'; '||E'\n';END IF;ELSE IF v_cnt1>0 OR v_cnt2>0 THEN v_table_ddl:='CREATE TABLE '||in_schema||'.""'||in_table||'"" PARTITION OF '||in_schema||'.'||v_parent||' '||v_partbound||' '||v_tablespace||'; '||E'\n';ELSE v_table_ddl:='CREATE TABLE '||in_schema||'.'||in_table||' PARTITION OF '||in_schema||'.'||v_parent||' '||v_partbound||' '||v_tablespace||'; '||E'\n';END IF;END IF;END IF;END IF;IF bVerbose THEN RAISE NOTICE'(1)tabledef so far: %',v_table_ddl;END IF;IF NOT bPartition THEN select c.relpersistence into v_persist from pg_class c,pg_namespace n where n.nspname=in_schema and n.oid=c.relnamespace and c.relname=in_table and c.relkind='r';IF v_persist='u'THEN v_temp:='UNLOGGED';ELSIF v_persist='t'THEN v_temp:='TEMPORARY';ELSE v_temp:='';END IF;END IF;IF NOT bPartition THEN SELECT count(*)INTO v_cnt1 FROM information_schema.tables t WHERE EXISTS(SELECT REGEXP_MATCHES(s.table_name,'([A-Z]+)','g')FROM information_schema.tables s WHERE t.table_schema=s.table_schema AND t.table_name=s.table_name AND t.table_schema=in_schema AND t.table_name=in_table AND t.table_type='BASE TABLE');IF v_cnt1>0 THEN v_table_ddl:='CREATE '||v_temp||' TABLE '||in_schema||'.""'||in_table||'"" ('||E'\n';ELSE v_table_ddl:='CREATE '||v_temp||' TABLE '||in_schema||'.'||in_table||' ('||E'\n';END IF;END IF;IF NOT bPartition THEN FOR v_colrec IN SELECT c.column_name,c.data_type,c.udt_name,c.udt_schema,c.character_maximum_length,c.is_nullable,c.column_default,c.numeric_precision,c.numeric_scale,c.is_identity,c.identity_generation,c.is_generated,c.generation_expression FROM information_schema.columns c WHERE(table_schema,table_name)=(in_schema,in_table)ORDER BY ordinal_position LOOP IF bVerbose THEN RAISE NOTICE'(col loop) name=%  type=%  udt_name=%  default=%  is_generated=%  gen_expr=%',v_colrec.column_name,v_colrec.data_type,v_colrec.udt_name,v_colrec.column_default,v_colrec.is_generated,v_colrec.generation_expression;END IF;SELECT CASE WHEN pg_get_serial_sequence(quote_ident(in_schema)||'.'||quote_ident(in_table),v_colrec.column_name)IS NOT NULL THEN True ELSE False END into bSerial;IF bVerbose THEN SELECT pg_get_serial_sequence(quote_ident(in_schema)||'.'||quote_ident(in_table),v_colrec.column_name)into v_temp;IF v_temp IS NULL THEN v_temp='NA';END IF;SELECT pg_temp.pg_get_coldef(in_schema,in_table,v_colrec.column_name)INTO v_diag1;RAISE NOTICE'DEBUG table: %  Column: %  datatype: %  Serial=%  serialval=%  coldef=%',v_qualified,v_colrec.column_name,v_colrec.data_type,bSerial,v_temp,v_diag1;RAISE NOTICE'DEBUG tabledef: %',v_table_ddl;END IF;SELECT COUNT(*)INTO v_cnt1 FROM information_schema.columns t WHERE EXISTS(SELECT REGEXP_MATCHES(s.column_name,'([A-Z]+)','g')FROM information_schema.columns s WHERE t.table_schema=s.table_schema and t.table_name=s.table_name and t.column_name=s.column_name AND t.table_schema=quote_ident(in_schema)AND column_name=v_colrec.column_name);SELECT COUNT(*)INTO v_cnt2 FROM pg_get_keywords()WHERE word=v_colrec.column_name AND catcode='R';IF v_cnt1>0 OR v_cnt2>0 THEN v_table_ddl:=v_table_ddl||'  ""'||v_colrec.column_name||'"" ';ELSE v_table_ddl:=v_table_ddl||'  '||v_colrec.column_name||' ';END IF;IF v_colrec.is_generated='ALWAYS'and v_colrec.generation_expression IS NOT NULL THEN v_temp=v_colrec.data_type||' GENERATED ALWAYS AS ('||v_colrec.generation_expression||') STORED ';ELSEIF v_colrec.udt_name in('geometry','box2d','box2df','box3d','geography','geometry_dump','gidx','spheroid','valid_detail')THEN v_temp=v_colrec.udt_name;ELSEIF v_colrec.data_type='USER-DEFINED'THEN v_temp=v_colrec.udt_schema||'.'||v_colrec.udt_name;ELSEIF v_colrec.data_type='ARRAY'THEN v_temp=pg_temp.pg_get_coldef(in_schema,in_table,v_colrec.column_name);ELSEIF pg_get_serial_sequence(quote_ident(in_schema)||'.'||quote_ident(in_table),v_colrec.column_name)IS NOT NULL THEN v_temp=pg_temp.pg_get_coldef(in_schema,in_table,v_colrec.column_name);ELSE v_temp=v_colrec.data_type;END IF;IF v_colrec.is_identity='YES'THEN IF v_colrec.identity_generation='ALWAYS'THEN v_temp=v_temp||' GENERATED ALWAYS AS IDENTITY';ELSE v_temp=v_temp||' GENERATED BY DEFAULT AS IDENTITY';END IF;ELSEIF v_colrec.character_maximum_length IS NOT NULL THEN v_temp=v_temp||('('||v_colrec.character_maximum_length||')');ELSEIF v_colrec.numeric_precision>0 AND v_colrec.numeric_scale>0 THEN v_temp=v_temp||'('||v_colrec.numeric_precision||','||v_colrec.numeric_scale||')';END IF;IF bSerial THEN v_temp=v_temp||' NOT NULL';ELSEIF v_colrec.is_nullable='NO'THEN v_temp=v_temp||' NOT NULL';ELSEIF v_colrec.is_nullable='YES'THEN v_temp=v_temp||' NULL';END IF;IF v_colrec.column_default IS NOT null AND NOT bSerial THEN v_temp=v_temp||(' DEFAULT '||v_colrec.column_default);END IF;v_temp=v_temp||','||E'\n';v_table_ddl:=v_table_ddl||v_temp;END LOOP;END IF;IF bVerbose THEN RAISE NOTICE'(2)tabledef so far: %',v_table_ddl;END IF;IF v_pgversion<110000 THEN FOR v_constraintrec IN SELECT con.conname as constraint_name,con.contype as constraint_type,CASE WHEN con.contype='p'THEN 1 WHEN con.contype='u'THEN 2 WHEN con.contype='f'THEN 3 WHEN con.contype='c'THEN 4 ELSE 5 END as type_rank,pg_get_constraintdef(con.oid)as constraint_definition FROM pg_catalog.pg_constraint con JOIN pg_catalog.pg_class rel ON rel.oid=con.conrelid JOIN pg_catalog.pg_namespace nsp ON nsp.oid=connamespace WHERE nsp.nspname=in_schema AND rel.relname=in_table ORDER BY type_rank LOOP v_constraint_name:=v_constraintrec.constraint_name;v_constraint_def:=v_constraintrec.constraint_definition;IF v_constraintrec.type_rank=1 THEN IF pkcnt=0 OR pktype='PKEY_INTERNAL'THEN v_constraint_name:=v_constraintrec.constraint_name;v_constraint_def:=v_constraintrec.constraint_definition;v_table_ddl:=v_table_ddl||'  '||'CONSTRAINT'||' '||v_constraint_name||' '||v_constraint_def||','||E'\n';ELSE SELECT'ALTER TABLE ONLY '||in_schema||'.'||c.relname||' ADD CONSTRAINT '||r.conname||' '||pg_catalog.pg_get_constraintdef(r.oid,true)||';'INTO v_pkey_def FROM pg_catalog.pg_constraint r,pg_class c,pg_namespace n where r.conrelid=c.oid and r.contype='p'and n.oid=r.connamespace and n.nspname=in_schema AND c.relname=in_table and r.conname=v_constraint_name;END IF;IF bPartition THEN continue;END IF;ELSIF v_constraintrec.type_rank=3 THEN IF fktype='FKEYS_NONE'THEN continue;ELSIF fkcnt=0 OR fktype='FKEYS_INTERNAL'THEN v_table_ddl:=v_table_ddl||'  '||'CONSTRAINT'||' '||v_constraint_name||' '||v_constraint_def||','||E'\n';ELSE SELECT'ALTER TABLE ONLY '||n.nspname||'.'||c2.relname||' ADD CONSTRAINT '||r.conname||' '||pg_catalog.pg_get_constraintdef(r.oid,true)||';'INTO v_fkey_def FROM pg_constraint r,pg_class c1,pg_namespace n,pg_class c2 where r.conrelid=c1.oid and r.contype='f'and n.nspname=in_schema and n.oid=r.connamespace and r.conrelid=c2.oid and c2.relname=in_table;v_fkey_defs=v_fkey_defs||v_fkey_def||E'\n';END IF;ELSE v_table_ddl:=v_table_ddl||'  '||'CONSTRAINT'||' '||v_constraint_name||' '||v_constraint_def||','||E'\n';END IF;if bVerbose THEN RAISE NOTICE'DEBUG4: constraint name=% constraint_def=%',v_constraint_name,v_constraint_def;END IF;constraintarr:=constraintarr||v_constraintrec.constraint_name::text;END LOOP;ELSE FOR v_constraintrec IN SELECT con.conname as constraint_name,con.contype as constraint_type,CASE WHEN con.contype='p'THEN 1 WHEN con.contype='u'THEN 2 WHEN con.contype='f'THEN 3 WHEN con.contype='c'THEN 4 ELSE 5 END as type_rank,pg_get_constraintdef(con.oid)as constraint_definition FROM pg_catalog.pg_constraint con JOIN pg_catalog.pg_class rel ON rel.oid=con.conrelid JOIN pg_catalog.pg_namespace nsp ON nsp.oid=connamespace WHERE nsp.nspname=in_schema AND rel.relname=in_table AND con.conparentid=0 ORDER BY type_rank LOOP v_constraint_name:=v_constraintrec.constraint_name;v_constraint_def:=v_constraintrec.constraint_definition;IF v_constraintrec.type_rank=1 THEN IF pkcnt=0 OR pktype='PKEY_INTERNAL'THEN v_constraint_name:=v_constraintrec.constraint_name;v_constraint_def:=v_constraintrec.constraint_definition;v_table_ddl:=v_table_ddl||'  '||'CONSTRAINT'||' '||v_constraint_name||' '||v_constraint_def||','||E'\n';ELSE SELECT'ALTER TABLE ONLY '||in_schema||'.'||c.relname||' ADD CONSTRAINT '||r.conname||' '||pg_catalog.pg_get_constraintdef(r.oid,true)||';'INTO v_pkey_def FROM pg_catalog.pg_constraint r,pg_class c,pg_namespace n where r.conrelid=c.oid and r.contype='p'and n.oid=r.connamespace and n.nspname=in_schema AND c.relname=in_table;END IF;IF bPartition THEN continue;END IF;ELSIF v_constraintrec.type_rank=3 THEN IF fktype='FKEYS_NONE'THEN continue;ELSIF fkcnt=0 OR fktype='FKEYS_INTERNAL'THEN v_table_ddl:=v_table_ddl||'  '||'CONSTRAINT'||' '||v_constraint_name||' '||v_constraint_def||','||E'\n';ELSE SELECT'ALTER TABLE ONLY '||n.nspname||'.'||c2.relname||' ADD CONSTRAINT '||r.conname||' '||pg_catalog.pg_get_constraintdef(r.oid,true)||';'INTO v_fkey_def FROM pg_constraint r,pg_class c1,pg_namespace n,pg_class c2 where r.conrelid=c1.oid and r.contype='f'and n.nspname=in_schema and n.oid=r.connamespace and r.conrelid=c2.oid and c2.relname=in_table and r.conname=v_constraint_name and r.conparentid=0;v_fkey_defs=v_fkey_defs||v_fkey_def||E'\n';END IF;ELSE v_table_ddl:=v_table_ddl||'  '||'CONSTRAINT'||' '||v_constraint_name||' '||v_constraint_def||','||E'\n';END IF;if bVerbose THEN RAISE NOTICE'DEBUG4: constraint name=% constraint_def=%',v_constraint_name,v_constraint_def;END IF;constraintarr:=constraintarr||v_constraintrec.constraint_name::text;END LOOP;END IF;select substring(v_table_ddl,length(v_table_ddl)-1,1)INTO v_temp;IF v_temp=','THEN v_table_ddl=substr(v_table_ddl,0,length(v_table_ddl)-1)||E'\n';END IF;IF bVerbose THEN RAISE NOTICE'(3)tabledef so far: %',trim(v_table_ddl);END IF;IF bVerbose THEN RAISE NOTICE'(4)tabledef so far: %',v_table_ddl;END IF;IF bPartition and bInheritance THEN IF v_parent_schema=''OR v_parent_schema IS NULL THEN v_parent_schema=in_schema;END IF;v_table_ddl:=v_table_ddl||') INHERITS ('||v_parent_schema||'.'||v_parent||') '||E'\n'||v_relopts||' '||v_tablespace||';'||E'\n';END IF;IF v_pgversion>=100000 AND NOT bPartition and NOT bInheritance THEN SELECT pg_get_partkeydef(c1.oid)as partition_key INTO v_partition_key FROM pg_class c1 JOIN pg_namespace n ON(n.oid=c1.relnamespace)LEFT JOIN pg_partitioned_table p ON(c1.oid=p.partrelid)WHERE n.nspname=in_schema and n.oid=c1.relnamespace and c1.relname=in_table and c1.relkind='p';IF v_partition_key IS NOT NULL AND v_partition_key<>''THEN v_table_ddl:=v_table_ddl||') PARTITION BY '||v_partition_key||';'||E'\n';ELSEIF v_relopts<>''THEN v_table_ddl:=v_table_ddl||') '||v_relopts||' '||v_tablespace||';'||E'\n';ELSE v_table_ddl:=v_table_ddl||') '||v_tablespace||';'||E'\n';END IF;END IF;IF bVerbose THEN RAISE NOTICE'(5)tabledef so far: %',v_table_ddl;END IF;IF v_pkey_def<>''THEN v_table_ddl:=v_table_ddl||v_pkey_def||E'\n';END IF;IF v_fkey_defs<>''THEN v_table_ddl:=v_table_ddl||v_fkey_defs||E'\n';END IF;IF bVerbose THEN RAISE NOTICE'(6)tabledef so far: %',v_table_ddl;END IF;FOR v_indexrec IN SELECT indexdef,COALESCE(tablespace,'pg_default')as tablespace,indexname FROM pg_indexes WHERE(schemaname,tablename)=(in_schema,in_table)LOOP bSkip=False;FOREACH constraintelement IN ARRAY constraintarr LOOP IF constraintelement=v_indexrec.indexname THEN bSkip=True;EXIT;END IF;END LOOP;if bSkip THEN CONTINUE;END IF;v_indexrec.indexdef:=REPLACE(v_indexrec.indexdef,'CREATE INDEX','CREATE INDEX IF NOT EXISTS');v_indexrec.indexdef:=REPLACE(v_indexrec.indexdef,'CREATE UNIQUE INDEX','CREATE UNIQUE INDEX IF NOT EXISTS');IF v_partition_key IS NOT NULL AND v_partition_key<>''THEN v_table_ddl:=v_table_ddl||v_indexrec.indexdef||';'||E'\n';ELSE select CASE WHEN i.indpred IS NOT NULL THEN True ELSE False END INTO v_partial FROM pg_index i JOIN pg_class c1 ON(i.indexrelid=c1.oid)JOIN pg_class c2 ON(i.indrelid=c2.oid)WHERE c1.relnamespace::regnamespace::text=in_schema AND c2.relnamespace::regnamespace::text=in_schema AND c2.relname=in_table AND c1.relname=v_indexrec.indexname;IF v_partial THEN v_temp=v_indexrec.indexdef;v_pos=POSITION(' WHERE 'IN v_temp);v_temp2=SUBSTRING(v_temp,v_pos);v_temp=SUBSTRING(v_temp,1,v_pos);v_table_ddl:=v_table_ddl||v_temp||' TABLESPACE '||v_indexrec.tablespace||v_temp2||';'||E'\n';ELSE v_table_ddl:=v_table_ddl||v_indexrec.indexdef||' TABLESPACE '||v_indexrec.tablespace||';'||E'\n';END IF;END IF;END LOOP;IF bVerbose THEN RAISE NOTICE'(7)tabledef so far: %',v_table_ddl;END IF;IF cmtcnt>0 THEN FOR v_rec IN SELECT c.relname,'COMMENT ON '||CASE WHEN c.relkind in('r','p')AND a.attname IS NULL THEN'TABLE 'WHEN c.relkind in('r','p')AND a.attname IS NOT NULL THEN'COLUMN 'WHEN c.relkind='f'THEN'FOREIGN TABLE 'WHEN c.relkind='m'THEN'MATERIALIZED VIEW 'WHEN c.relkind='v'THEN'VIEW 'WHEN c.relkind='i'THEN'INDEX 'WHEN c.relkind='S'THEN'SEQUENCE 'ELSE'XX'END||n.nspname||'.'||CASE WHEN c.relkind in('r','p')AND a.attname IS NOT NULL THEN quote_ident(c.relname)||'.'||a.attname ELSE quote_ident(c.relname)END||' IS '||quote_literal(d.description)||';'as ddl FROM pg_class c JOIN pg_namespace n ON(n.oid=c.relnamespace)LEFT JOIN pg_description d ON(c.oid=d.objoid)LEFT JOIN pg_attribute a ON(c.oid=a.attrelid AND a.attnum>0 and a.attnum=d.objsubid)WHERE d.description IS NOT NULL AND n.nspname=in_schema AND c.relname=in_table ORDER BY 2 desc,ddl LOOP v_table_ddl=v_table_ddl||v_rec.ddl||E'\n';END LOOP;END IF;IF bVerbose THEN RAISE NOTICE'(8)tabledef so far: %',v_table_ddl;END IF;IF trigtype='INCLUDE_TRIGGERS'THEN FOR v_trigrec IN select pg_get_triggerdef(t.oid,True)||';'as triggerdef FROM pg_trigger t,pg_class c,pg_namespace n WHERE n.nspname=in_schema and n.oid=c.relnamespace and c.relname=in_table and c.relkind='r'and t.tgrelid=c.oid and NOT t.tgisinternal LOOP v_table_ddl:=v_table_ddl||v_trigrec.triggerdef;v_table_ddl:=v_table_ddl||E'\n';IF bVerbose THEN RAISE NOTICE'triggerdef = %',v_trigrec.triggerdef;END IF;END LOOP;END IF;IF bVerbose THEN RAISE NOTICE'(9)tabledef so far: %',v_table_ddl;END IF;v_table_ddl:=v_table_ddl||E'\n';IF bVerbose THEN RAISE NOTICE'(10)tabledef so far: %',v_table_ddl;END IF;IF search_path_old=''THEN SELECT set_config('search_path','',false)into v_temp;ELSE EXECUTE'SET search_path = '||search_path_old;END IF;RETURN v_table_ddl;EXCEPTION WHEN others THEN BEGIN GET STACKED DIAGNOSTICS v_diag1=MESSAGE_TEXT,v_diag2=PG_EXCEPTION_DETAIL,v_diag3=PG_EXCEPTION_HINT,v_diag4=RETURNED_SQLSTATE,v_diag5=PG_CONTEXT,v_diag6=PG_EXCEPTION_CONTEXT;v_ret:='line='||v_diag6||'. '||v_diag4||'. '||v_diag1;RAISE EXCEPTION'%',v_ret;RETURN'';END;END;$$;

with records as (
  select
    c.oid::int8 as ""id"",
    case c.relkind
      when 'r' then pg_temp.pg_get_tabledef(
        concat(nc.nspname),
        concat(c.relname),
        false,
        'FKEYS_INTERNAL',
        'NO_TRIGGERS'
      )
      when 'v' then concat(
        'create view ', concat(nc.nspname, '.', c.relname), ' as',
        pg_get_viewdef(concat(nc.nspname, '.', c.relname), true)
      )
      when 'm' then concat(
        'create materialized view ', concat(nc.nspname, '.', c.relname), ' as',
        pg_get_viewdef(concat(nc.nspname, '.', c.relname), true)
      )
      when 'f' then concat('create foreign table ', nc.nspname, '.', c.relname, ' ( ... )')
      when 'p' then pg_temp.pg_get_tabledef(
        concat(nc.nspname),
        concat(c.relname),
        false,
        'FKEYS_INTERNAL',
        'NO_TRIGGERS'
      )
    end as ""sql""
  from
    pg_namespace nc
    join pg_class c on nc.oid = c.relnamespace
  where
    c.relkind in ('r', 'v', 'm', 'f', 'p')
    and not pg_is_other_temp_schema(nc.oid)
    and (
      pg_has_role(c.relowner, 'USAGE')
      or has_table_privilege(
        c.oid,
        'SELECT, INSERT, UPDATE, DELETE, TRUNCATE, REFERENCES, TRIGGER'
      )
      or has_any_column_privilege(c.oid, 'SELECT, INSERT, UPDATE, REFERENCES')
    )
    and nc.nspname IN ('public')
  order by c.relname asc
  limit 100
  offset 0
)
select
  jsonb_build_object(
    'definitions', coalesce(jsonb_agg(
      jsonb_build_object(
        'id', r.id,
        'sql', r.sql
      )
    ), '[]'::jsonb)
  ) ""data""
from records r;

-- source: dashboard
-- user: b7cfc690-a7b4-41e9-b90a-a532fa4d3f04
-- date: 2025-05-06T17:16:08.975Z",null,41d317b2-eaa1-44a6-b618-4212a5457dc6,ygkbhfdqvrluegsrjpaj,1746551769099000
null,LOG,"connection authorized: user=postgres database=postgres application_name=postgres-meta 0.0.0-automated SSL enabled (protocol=TLSv1.3, cipher=TLS_AES_256_GCM_SHA384, bits=256)",null,cdb19fc7-6812-4e5c-bb67-b34ad945074a,ygkbhfdqvrluegsrjpaj,1746551769087000
null,LOG,"connection authenticated: identity=""postgres"" method=scram-sha-256 (/etc/postgresql/pg_hba.conf:94)",null,9a4a9e83-9cc7-4268-aabc-445b92067f19,ygkbhfdqvrluegsrjpaj,1746551769087000
null,LOG,"connection authorized: user=postgres database=postgres application_name=postgres-meta 0.0.0-automated SSL enabled (protocol=TLSv1.3, cipher=TLS_AES_256_GCM_SHA384, bits=256)",null,c2fd6076-41d1-4901-b61c-dbcbf5d4cc22,ygkbhfdqvrluegsrjpaj,1746551769086000
null,LOG,"connection authenticated: identity=""postgres"" method=scram-sha-256 (/etc/postgresql/pg_hba.conf:94)",null,e920f5de-0aa2-4878-895b-62142a988717,ygkbhfdqvrluegsrjpaj,1746551769086000
null,LOG,"connection authenticated: identity=""postgres"" method=scram-sha-256 (/etc/postgresql/pg_hba.conf:94)",null,e5bf0695-27d4-4e53-8b75-45ced84e2e95,ygkbhfdqvrluegsrjpaj,1746551769073000
null,LOG,"connection authorized: user=postgres database=postgres application_name=postgres-meta 0.0.0-automated SSL enabled (protocol=TLSv1.3, cipher=TLS_AES_256_GCM_SHA384, bits=256)",null,ec7d4d30-82e8-414d-8d08-579c7a470a37,ygkbhfdqvrluegsrjpaj,1746551769073000
null,LOG,connection authorized: user=supabase_admin database=postgres application_name=postgres_exporter,null,4f8cca50-bc68-4dfa-9ea8-c2bf1d45839d,ygkbhfdqvrluegsrjpaj,1746551764810000
null,LOG,connection received: host=::1 port=26349,null,652c2335-d680-49ff-b890-bf4fef09ee49,ygkbhfdqvrluegsrjpaj,1746551764809000
null,ERROR,column processing_status.type does not exist,null,0dbb3ffe-5bb2-453b-b799-bb6e1cf2ae5d,ygkbhfdqvrluegsrjpaj,1746551742107000
null,LOG,"connection authorized: user=authenticator database=postgres application_name=postgrest SSL enabled (protocol=TLSv1.3, cipher=TLS_AES_256_GCM_SHA384, bits=256)",null,89dc62bd-cb62-4dd0-9cc6-f549ec9b5d03,ygkbhfdqvrluegsrjpaj,1746551742100000
null,LOG,connection authorized: user=supabase_auth_admin database=postgres,null,df196f3c-80bf-49bc-8fd2-440e4b50a95d,ygkbhfdqvrluegsrjpaj,1746551742062000
null,LOG,connection received: host=127.0.0.1 port=2033,null,44fb1017-52ec-4955-8fce-80eaa26934b5,ygkbhfdqvrluegsrjpaj,1746551742061000
null,LOG,connection authorized: user=supabase_auth_admin database=postgres,null,6573f556-9279-4d7a-8392-9e543a3dc3a3,ygkbhfdqvrluegsrjpaj,1746551740291000
null,LOG,connection received: host=127.0.0.1 port=2021,null,f69af952-a86e-4edf-a561-51869a4f41aa,ygkbhfdqvrluegsrjpaj,1746551740291000
null,LOG,"connection authenticated: identity=""postgres"" method=scram-sha-256 (/etc/postgresql/pg_hba.conf:94)",null,ed87ad04-8a4a-4411-b83f-418a5a88f981,ygkbhfdqvrluegsrjpaj,1746551735114000
null,LOG,"connection authorized: user=postgres database=postgres application_name=postgres-meta 0.0.0-automated SSL enabled (protocol=TLSv1.3, cipher=TLS_AES_256_GCM_SHA384, bits=256)",null,33a2b360-6d49-46b9-804e-16237732b62e,ygkbhfdqvrluegsrjpaj,1746551735114000
null,LOG,"connection authenticated: identity=""postgres"" method=scram-sha-256 (/etc/postgresql/pg_hba.conf:94)",null,f9f48e81-4078-4717-bcfd-536f3139a82c,ygkbhfdqvrluegsrjpaj,1746551735024000
null,LOG,"connection authorized: user=postgres database=postgres application_name=postgres-meta 0.0.0-automated SSL enabled (protocol=TLSv1.3, cipher=TLS_AES_256_GCM_SHA384, bits=256)",null,e71f9e2b-f0b6-4a20-b09b-797d79ee2c3a,ygkbhfdqvrluegsrjpaj,1746551735024000
null,LOG,connection received: host=2600:1f18:2a66:6e01:9433:23fa:8ab6:b0a8 port=52936,null,1eef6b4b-6389-4501-82e0-ab4d74ea62c7,ygkbhfdqvrluegsrjpaj,1746551734972000
null,LOG,connection received: host=2600:1f18:2a66:6e00:1695:6a60:6716:7d4f port=51550,null,1cb6e4c5-52f4-4f2c-befd-dd7da16f3c76,ygkbhfdqvrluegsrjpaj,1746551734943000
null,LOG,"connection authenticated: identity=""postgres"" method=scram-sha-256 (/etc/postgresql/pg_hba.conf:94)",null,d0d2bb10-e33d-4896-a43c-d62f78bc526c,ygkbhfdqvrluegsrjpaj,1746551734555000
null,LOG,"connection authorized: user=postgres database=postgres application_name=postgres-meta 0.0.0-automated SSL enabled (protocol=TLSv1.3, cipher=TLS_AES_256_GCM_SHA384, bits=256)",null,843bccf8-a1ad-4d31-8d55-23bd9b313a17,ygkbhfdqvrluegsrjpaj,1746551734555000
null,LOG,"connection authorized: user=postgres database=postgres application_name=postgres-meta 0.0.0-automated SSL enabled (protocol=TLSv1.3, cipher=TLS_AES_256_GCM_SHA384, bits=256)",null,a3f238fa-7546-4864-bc7f-df973dad729c,ygkbhfdqvrluegsrjpaj,1746551734379000
null,LOG,"connection authenticated: identity=""postgres"" method=scram-sha-256 (/etc/postgresql/pg_hba.conf:94)",null,d6a7043a-1410-421e-8ddd-6a083784af87,ygkbhfdqvrluegsrjpaj,1746551734379000
null,LOG,connection received: host=2600:1f18:2a66:6e01:9433:23fa:8ab6:b0a8 port=52926,null,18953fd5-e04a-4f3c-984e-cda48a2dce88,ygkbhfdqvrluegsrjpaj,1746551734335000
null,LOG,connection received: host=2600:1f18:2a66:6e00:8821:1abd:fc22:aa4 port=41524,null,197c22df-f19c-47ec-9abc-6a95c03e4542,ygkbhfdqvrluegsrjpaj,1746551734305000
null,LOG,"connection authorized: user=postgres database=postgres application_name=postgres-meta 0.0.0-automated SSL enabled (protocol=TLSv1.3, cipher=TLS_AES_256_GCM_SHA384, bits=256)",null,42bdc31e-6c42-45b1-85ba-e1d9598025a4,ygkbhfdqvrluegsrjpaj,1746551733376000
null,LOG,"connection authenticated: identity=""postgres"" method=scram-sha-256 (/etc/postgresql/pg_hba.conf:94)",null,75580451-0edb-4473-a6fc-04321e613de8,ygkbhfdqvrluegsrjpaj,1746551733376000
null,LOG,"connection authorized: user=postgres database=postgres application_name=postgres-meta 0.0.0-automated SSL enabled (protocol=TLSv1.3, cipher=TLS_AES_256_GCM_SHA384, bits=256)",null,6e568d0f-055a-4c0e-809b-0bd1586a1bf3,ygkbhfdqvrluegsrjpaj,1746551733364000
null,LOG,"connection authenticated: identity=""postgres"" method=scram-sha-256 (/etc/postgresql/pg_hba.conf:94)",null,3b4725a8-65f6-44b7-a7ca-c6e9af51bde3,ygkbhfdqvrluegsrjpaj,1746551733364000
null,LOG,"connection authorized: user=postgres database=postgres application_name=postgres-meta 0.0.0-automated SSL enabled (protocol=TLSv1.3, cipher=TLS_AES_256_GCM_SHA384, bits=256)",null,fe7add6f-0192-4bd1-b27f-ba77ec7e79ee,ygkbhfdqvrluegsrjpaj,1746551733328000
null,LOG,"connection authenticated: identity=""postgres"" method=scram-sha-256 (/etc/postgresql/pg_hba.conf:94)",null,f3cbda61-ea19-4aeb-a2f4-bbcbb998f092,ygkbhfdqvrluegsrjpaj,1746551733328000
null,LOG,"connection authenticated: identity=""postgres"" method=scram-sha-256 (/etc/postgresql/pg_hba.conf:94)",null,8db14e70-dca7-4652-a714-d263b8b20f0c,ygkbhfdqvrluegsrjpaj,1746551733100000
null,LOG,"connection authorized: user=postgres database=postgres application_name=postgres-meta 0.0.0-automated SSL enabled (protocol=TLSv1.3, cipher=TLS_AES_256_GCM_SHA384, bits=256)",null,e07a31c6-abb6-4070-b45a-43b078c37b16,ygkbhfdqvrluegsrjpaj,1746551733100000
null,LOG,connection received: host=2600:1f18:2a66:6e00:4216:79ba:688f:a437 port=36080,null,5eec0066-4939-4234-b561-df5b3a0aa7b7,ygkbhfdqvrluegsrjpaj,1746551733021000
null,LOG,"connection authenticated: identity=""postgres"" method=scram-sha-256 (/etc/postgresql/pg_hba.conf:94)",null,b22203d9-abf1-4ab8-b3f8-8e334495bf05,ygkbhfdqvrluegsrjpaj,1746551731755000
null,LOG,"connection authorized: user=postgres database=postgres application_name=postgres-meta 0.0.0-automated SSL enabled (protocol=TLSv1.3, cipher=TLS_AES_256_GCM_SHA384, bits=256)",null,b70de267-5716-4295-909b-8c132a909ff1,ygkbhfdqvrluegsrjpaj,1746551731755000
null,LOG,"connection authenticated: identity=""postgres"" method=scram-sha-256 (/etc/postgresql/pg_hba.conf:94)",null,fc3928f6-4194-4aa5-b777-9890f9a11cc6,ygkbhfdqvrluegsrjpaj,1746551731735000
null,LOG,"connection authorized: user=postgres database=postgres application_name=postgres-meta 0.0.0-automated SSL enabled (protocol=TLSv1.3, cipher=TLS_AES_256_GCM_SHA384, bits=256)",null,7b582d66-871c-460d-a632-3e079a5f4a0f,ygkbhfdqvrluegsrjpaj,1746551731735000
null,LOG,connection received: host=2600:1f18:2a66:6e01:9433:23fa:8ab6:b0a8 port=49210,null,b800d53b-9906-4b0c-8356-af46d911a593,ygkbhfdqvrluegsrjpaj,1746551731665000
null,LOG,connection received: host=2600:1f18:2a66:6e00:4216:79ba:688f:a437 port=36074,null,90ddb3e6-10ef-4fb4-8052-65d6af8f1cb7,ygkbhfdqvrluegsrjpaj,1746551731659000
null,LOG,"connection authenticated: identity=""postgres"" method=scram-sha-256 (/etc/postgresql/pg_hba.conf:94)",null,fb07e877-c8ec-4f61-894e-ef391c9ebf62,ygkbhfdqvrluegsrjpaj,1746551731049000
null,LOG,"connection authorized: user=postgres database=postgres application_name=postgres-meta 0.0.0-automated SSL enabled (protocol=TLSv1.3, cipher=TLS_AES_256_GCM_SHA384, bits=256)",null,1ccaddfa-98fd-42c2-8aab-0538181373b2,ygkbhfdqvrluegsrjpaj,1746551731049000
null,LOG,"connection authenticated: identity=""supabase_admin"" method=scram-sha-256 (/etc/postgresql/pg_hba.conf:94)",null,aecb9998-ffbf-4328-b488-f109a1166ce6,ygkbhfdqvrluegsrjpaj,1746551731035000
null,LOG,"connection authorized: user=supabase_admin database=postgres application_name=postgres-meta 0.0.0-automated SSL enabled (protocol=TLSv1.3, cipher=TLS_AES_256_GCM_SHA384, bits=256)",null,b2349f30-8922-40ea-9dbc-9edf9f37aef0,ygkbhfdqvrluegsrjpaj,1746551731035000
null,LOG,"connection authorized: user=supabase_admin database=postgres application_name=postgres-meta 0.0.0-automated SSL enabled (protocol=TLSv1.3, cipher=TLS_AES_256_GCM_SHA384, bits=256)",null,b379c01a-325f-478a-a648-2e53e913e34a,ygkbhfdqvrluegsrjpaj,1746551731034000
null,LOG,"connection authenticated: identity=""supabase_admin"" method=scram-sha-256 (/etc/postgresql/pg_hba.conf:94)",null,fa175f83-244d-4820-aa7b-295872a3273a,ygkbhfdqvrluegsrjpaj,1746551731034000
null,LOG,"connection authenticated: identity=""postgres"" method=scram-sha-256 (/etc/postgresql/pg_hba.conf:94)",null,78ff6622-e2b4-4959-a908-3df173159591,ygkbhfdqvrluegsrjpaj,1746551730862000
null,LOG,"connection authorized: user=postgres database=postgres application_name=postgres-meta 0.0.0-automated SSL enabled (protocol=TLSv1.3, cipher=TLS_AES_256_GCM_SHA384, bits=256)",null,301c777e-0c85-4307-9ee4-c113ca050fd5,ygkbhfdqvrluegsrjpaj,1746551730862000
null,LOG,"connection authorized: user=postgres database=postgres application_name=postgres-meta 0.0.0-automated SSL enabled (protocol=TLSv1.3, cipher=TLS_AES_256_GCM_SHA384, bits=256)",null,c7f012dc-2302-41fa-9f1f-d8559795b8f2,ygkbhfdqvrluegsrjpaj,1746551730734000
null,LOG,"connection authenticated: identity=""postgres"" method=scram-sha-256 (/etc/postgresql/pg_hba.conf:94)",null,4e95ac0e-1163-4edc-96eb-68b5ce37e0d6,ygkbhfdqvrluegsrjpaj,1746551730734000